{
  "baseline_none": 0.13,
  "baseline_synonym": 0.25,
  "baseline_remove": 0.13,
  "baseline_perplexity": 0.39,
  "gcg_none": 0.17,
  "gcg_synonym": 0.24,
  "gcg_remove": 0.26,
  "gcg_perplexity": 0.0,
  "pair_none": 0.2804878048780488,
  "pair_synonym": 0.2926829268292683,
  "pair_remove": 0.34146341463414637,
  "pair_perplexity": 0.3048780487804878
}